"Priority","URL","PageType","HTTPStatus","Indexable","InSitemap","LastModified","Title","MetaDescription","H1","WordCount"
"P0","https://houseofvacation.com/","Homepage","200","Yes","Yes","2026-05-05T07:13:13+00:00","MICE Company in India | Corporate Travel Agency","Welcome to HOV, your Trusted MICE Company in India, offering end-to-end solutions for corporate travel, events, and incentive tours | Contact us","Corporate Travel Agency – Trusted MICE Company in India","1647"
"P0","https://houseofvacation.com/mice-company-in-delhi/","Service - Delhi","200","Yes","Yes","2025-07-04T09:20:00+00:00","Mice Company In Delhi | Corporate Event Planner in Delhi","HOV is a leading MICE company in Delhi, specializing in corporate events, meetings, incentives, conferences, and exhibitions. Contact us today for your MICE !","Mice company in Delhi | Corporate Event Planner in Delhi ","1047"
"P0","https://houseofvacation.com/mice-company-in-noida/","Service - Noida","200","Yes","Yes","2025-07-04T09:27:40+00:00","Mice Company in Noida | Corporate Travel Agency in Noida","Welcome to HOV, your Trusted Mice Company in Noida, offering end-to-end solutions for corporate travel, events, and tours | Contact us Today","Mice Company in Noida | Corporate Travel Agency in Noida ","1031"
"P0","https://houseofvacation.com/mice-company-in-gurugram/","Service - Gurugram","200","Yes","Yes","2025-07-29T12:32:48+00:00","MICE Company in Gurugram| MICE Travel Agency in Gurugram","Welcome to House of Vacations, your Trusted MICE Company in Gurugram, offering end-to-end solutions for corporate travel, events, and incentive tours | Contact us","MICE Company in Gurugram | MICE Travel Agency in Gurugram ","1229"
"P0","https://houseofvacation.com/corporate-travel-agency-in-mumbai/","Service - Mumbai","200","Yes","Yes","2025-07-04T09:23:25+00:00","Corporate Travel Agency in Mumbai | Mice Company In Mumbai","Welcome to HOV, your Trusted Corporate Travel Agency in Mumbai, offering end-to-end solutions for corporate travel, events, and incentive tours | Contact us","Corporate Travel Agency in Mumbai | Mice Travel Agent in Mumbai ","1301"
"P0","https://houseofvacation.com/corporate-travel-agency-in-bangalore/","Service - Bangalore","200","Yes","Yes","2025-07-29T12:45:21+00:00","Corporate Travel Agency in Bangalore | MICE Company in Bangalore","Leading Corporate Travel Agency in Bangalore for MICE & events. Travel smart, plan better—partner with House of Vacations today! | Contact us at +91 9220470800","Corporate Travel Agency in Bangalore | MICE Company in Bangalore ","1244"
"P0","https://houseofvacation.com/corporate-event-planners-in-pune/","Service - Pune","200","Yes","Yes","2025-07-04T09:25:47+00:00","Corporate Event Planners In Pune | event planning in pune","Welcome to HOV, your Trusted Corporate MICE Event Planners in Pune, offering end-to-end solutions for corporate travel, events, and incentive tours | Contact us","Corporate MICE Event Planners in Pune ","1030"
"P0","https://houseofvacation.com/contact-us/","Contact","200","Yes","Yes","2026-05-05T07:00:19+00:00","Contact us - House of Vacations","Phone Number:","","198"
"P1","https://houseofvacation.com/about-company/","About","200","Yes","Yes","2025-03-21T09:51:07+00:00","About us - House of Vacations","At House of Vacations, we bring over two decades of expertise in curating exceptional travel experiences. Specializing in domestic and international group","","339"
"P1","https://houseofvacation.com/blog/","Blog Index","200","Yes","Yes","2025-06-23T10:36:32+00:00","Blog - House of Vacations","","","146"
"P2","https://houseofvacation.com/category/uncategorized/","Category Archive","200","Yes","Yes","2025-06-23T10:44:10+00:00","Uncategorized - House of Vacations","","Uncategorized","147"
"P3","https://houseofvacation.com/new-blog/","Blog Post","200","Yes","Yes","2025-06-23T10:44:10+00:00","new blog - House of Vacations","Test blog pag e","new blog","155"
"P3","https://houseofvacation.com/hello-world/","Blog Post (WP default)","200","Yes","Yes","2024-06-05T09:41:03+00:00","Hello world! - House of Vacations","Welcome to WordPress. This is your first post. Edit or delete it, then start writing!","Hello world!","208"
"P3","https://houseofvacation.com/author/essenceofnature43gmail-com/","Author Archive","200","No (noindex)","No","n/a","info@houseofvacation.com - House of Vacations","","info@houseofvacation.com","147"
