"from","to"
"https://houseofvacation.com/blog/","https://houseofvacation.com/"
"https://houseofvacation.com/blog/","https://houseofvacation.com/"
"https://houseofvacation.com/blog/","https://houseofvacation.com/"
"https://houseofvacation.com/blog/","https://houseofvacation.com/contact-us/"
"https://houseofvacation.com/blog/","https://houseofvacation.com/about-company/"
"https://houseofvacation.com/blog/","https://houseofvacation.com/mice-company-in-noida/"
"https://houseofvacation.com/blog/","https://houseofvacation.com/corporate-travel-agency-in-bangalore/"
"https://houseofvacation.com/blog/","https://houseofvacation.com/mice-company-in-gurugram/"
"https://houseofvacation.com/blog/","https://houseofvacation.com/mice-company-in-delhi/"
"https://houseofvacation.com/blog/","https://houseofvacation.com/corporate-event-planners-in-pune/"
"https://houseofvacation.com/blog/","https://houseofvacation.com/corporate-travel-agency-in-mumbai/"
"https://houseofvacation.com/blog/","https://houseofvacation.com/blog/"
"https://houseofvacation.com/blog/","https://houseofvacation.com/"
"https://houseofvacation.com/blog/","https://houseofvacation.com/"
"https://houseofvacation.com/blog/","https://houseofvacation.com/about-company/"
"https://houseofvacation.com/blog/","https://houseofvacation.com/blog/"
"https://houseofvacation.com/blog/","https://houseofvacation.com/contact-us/"
"https://houseofvacation.com/blog/","https://houseofvacation.com/corporate-travel-agency-in-bangalore/"
"https://houseofvacation.com/blog/","https://houseofvacation.com/"
"https://houseofvacation.com/blog/","https://houseofvacation.com/mice-company-in-gurugram/"
"https://houseofvacation.com/blog/","https://houseofvacation.com/mice-company-in-delhi/"
"https://houseofvacation.com/blog/","https://houseofvacation.com/corporate-event-planners-in-pune/"
"https://houseofvacation.com/blog/","https://houseofvacation.com/corporate-travel-agency-in-mumbai/"
"https://houseofvacation.com/blog/","https://houseofvacation.com/mice-company-in-noida/"
"https://houseofvacation.com/blog/","https://houseofvacation.com/new-blog/"
"https://houseofvacation.com/blog/","https://houseofvacation.com/new-blog/"
"https://houseofvacation.com/blog/","https://houseofvacation.com/category/uncategorized/"
"https://houseofvacation.com/blog/","https://houseofvacation.com/author/essenceofnature43gmail-com/"
"https://houseofvacation.com/blog/","https://houseofvacation.com/new-blog/"
"https://houseofvacation.com/blog/","https://houseofvacation.com/hello-world/"
"https://houseofvacation.com/blog/","https://houseofvacation.com/hello-world/"
"https://houseofvacation.com/blog/","https://houseofvacation.com/category/uncategorized/"
"https://houseofvacation.com/blog/","https://houseofvacation.com/author/essenceofnature43gmail-com/"
"https://houseofvacation.com/blog/","https://houseofvacation.com/hello-world/"
"https://houseofvacation.com/blog/","https://houseofvacation.com/"
"https://houseofvacation.com/blog/","https://www.facebook.com/houseofvacations/"
"https://houseofvacation.com/blog/","https://www.instagram.com/houseofvacations_/"
"https://houseofvacation.com/blog/","https://x.com/houseofvacation"
"https://houseofvacation.com/blog/","https://www.linkedin.com/company/house-of-vacations-india-pvt-ltd/"
"https://houseofvacation.com/blog/","https://www.youtube.com/@HouseofVacations"
"https://houseofvacation.com/blog/","https://houseofvacation.com/blog/?no-cache=6a86fa4faf73a"
"https://houseofvacation.com/blog/","https://houseofvacation.com/blog/?no-cache=6a86fa4faf7ee"
"https://houseofvacation.com/new-blog/","https://houseofvacation.com/"
"https://houseofvacation.com/new-blog/","https://houseofvacation.com/"
"https://houseofvacation.com/new-blog/","https://houseofvacation.com/"
"https://houseofvacation.com/new-blog/","https://houseofvacation.com/contact-us/"
"https://houseofvacation.com/new-blog/","https://houseofvacation.com/about-company/"
"https://houseofvacation.com/new-blog/","https://houseofvacation.com/mice-company-in-noida/"
"https://houseofvacation.com/new-blog/","https://houseofvacation.com/corporate-travel-agency-in-bangalore/"
"https://houseofvacation.com/new-blog/","https://houseofvacation.com/mice-company-in-gurugram/"
"https://houseofvacation.com/new-blog/","https://houseofvacation.com/mice-company-in-delhi/"
"https://houseofvacation.com/new-blog/","https://houseofvacation.com/corporate-event-planners-in-pune/"
"https://houseofvacation.com/new-blog/","https://houseofvacation.com/corporate-travel-agency-in-mumbai/"
"https://houseofvacation.com/new-blog/","https://houseofvacation.com/blog/"
"https://houseofvacation.com/new-blog/","https://houseofvacation.com/"
"https://houseofvacation.com/new-blog/","https://houseofvacation.com/"
"https://houseofvacation.com/new-blog/","https://houseofvacation.com/about-company/"
"https://houseofvacation.com/new-blog/","https://houseofvacation.com/blog/"
"https://houseofvacation.com/new-blog/","https://houseofvacation.com/contact-us/"
"https://houseofvacation.com/new-blog/","https://houseofvacation.com/corporate-travel-agency-in-bangalore/"
"https://houseofvacation.com/new-blog/","https://houseofvacation.com/"
"https://houseofvacation.com/new-blog/","https://houseofvacation.com/mice-company-in-gurugram/"
"https://houseofvacation.com/new-blog/","https://houseofvacation.com/mice-company-in-delhi/"
"https://houseofvacation.com/new-blog/","https://houseofvacation.com/corporate-event-planners-in-pune/"
"https://houseofvacation.com/new-blog/","https://houseofvacation.com/corporate-travel-agency-in-mumbai/"
"https://houseofvacation.com/new-blog/","https://houseofvacation.com/mice-company-in-noida/"
"https://houseofvacation.com/new-blog/","https://houseofvacation.com/new-blog/"
"https://houseofvacation.com/new-blog/","https://houseofvacation.com/category/uncategorized/"
"https://houseofvacation.com/new-blog/","https://houseofvacation.com/author/essenceofnature43gmail-com/"
"https://houseofvacation.com/new-blog/","https://houseofvacation.com/hello-world/"
"https://houseofvacation.com/new-blog/","https://houseofvacation.com/new-blog/"
"https://houseofvacation.com/new-blog/","https://houseofvacation.com/"
"https://houseofvacation.com/new-blog/","https://www.facebook.com/houseofvacations/"
"https://houseofvacation.com/new-blog/","https://www.instagram.com/houseofvacations_/"
"https://houseofvacation.com/new-blog/","https://x.com/houseofvacation"
"https://houseofvacation.com/new-blog/","https://www.linkedin.com/company/house-of-vacations-india-pvt-ltd/"
"https://houseofvacation.com/new-blog/","https://www.youtube.com/@HouseofVacations"
"https://houseofvacation.com/new-blog/","https://houseofvacation.com/new-blog/?no-cache=6a88118653dd8"
"https://houseofvacation.com/new-blog/","https://houseofvacation.com/new-blog/?no-cache=6a88118653e9a"
"https://houseofvacation.com/hello-world/","https://houseofvacation.com/"
"https://houseofvacation.com/hello-world/","https://houseofvacation.com/"
"https://houseofvacation.com/hello-world/","https://houseofvacation.com/"
"https://houseofvacation.com/hello-world/","https://houseofvacation.com/contact-us/"
"https://houseofvacation.com/hello-world/","https://houseofvacation.com/about-company/"
"https://houseofvacation.com/hello-world/","https://houseofvacation.com/mice-company-in-noida/"
"https://houseofvacation.com/hello-world/","https://houseofvacation.com/corporate-travel-agency-in-bangalore/"
"https://houseofvacation.com/hello-world/","https://houseofvacation.com/mice-company-in-gurugram/"
"https://houseofvacation.com/hello-world/","https://houseofvacation.com/mice-company-in-delhi/"
"https://houseofvacation.com/hello-world/","https://houseofvacation.com/corporate-event-planners-in-pune/"
"https://houseofvacation.com/hello-world/","https://houseofvacation.com/corporate-travel-agency-in-mumbai/"
"https://houseofvacation.com/hello-world/","https://houseofvacation.com/blog/"
"https://houseofvacation.com/hello-world/","https://houseofvacation.com/"
"https://houseofvacation.com/hello-world/","https://houseofvacation.com/"
"https://houseofvacation.com/hello-world/","https://houseofvacation.com/about-company/"
"https://houseofvacation.com/hello-world/","https://houseofvacation.com/blog/"
"https://houseofvacation.com/hello-world/","https://houseofvacation.com/contact-us/"
"https://houseofvacation.com/hello-world/","https://houseofvacation.com/corporate-travel-agency-in-bangalore/"
"https://houseofvacation.com/hello-world/","https://houseofvacation.com/"
"https://houseofvacation.com/hello-world/","https://houseofvacation.com/mice-company-in-gurugram/"
"https://houseofvacation.com/hello-world/","https://houseofvacation.com/mice-company-in-delhi/"
"https://houseofvacation.com/hello-world/","https://houseofvacation.com/corporate-event-planners-in-pune/"
"https://houseofvacation.com/hello-world/","https://houseofvacation.com/corporate-travel-agency-in-mumbai/"
"https://houseofvacation.com/hello-world/","https://houseofvacation.com/mice-company-in-noida/"
"https://houseofvacation.com/hello-world/","https://houseofvacation.com/hello-world/"
"https://houseofvacation.com/hello-world/","https://houseofvacation.com/category/uncategorized/"
"https://houseofvacation.com/hello-world/","https://houseofvacation.com/author/essenceofnature43gmail-com/"
"https://houseofvacation.com/hello-world/","https://houseofvacation.com/new-blog/"
"https://houseofvacation.com/hello-world/","https://wordpress.org/"
"https://houseofvacation.com/hello-world/","https://houseofvacation.com/hello-world/"
"https://houseofvacation.com/hello-world/","https://en.gravatar.com/"
"https://houseofvacation.com/hello-world/","https://houseofvacation.com/hello-world/"
"https://houseofvacation.com/hello-world/","https://houseofvacation.com/"
"https://houseofvacation.com/hello-world/","https://www.facebook.com/houseofvacations/"
"https://houseofvacation.com/hello-world/","https://www.instagram.com/houseofvacations_/"
"https://houseofvacation.com/hello-world/","https://x.com/houseofvacation"
"https://houseofvacation.com/hello-world/","https://www.linkedin.com/company/house-of-vacations-india-pvt-ltd/"
"https://houseofvacation.com/hello-world/","https://www.youtube.com/@HouseofVacations"
"https://houseofvacation.com/hello-world/","https://houseofvacation.com/hello-world/?no-cache=6a88118720c0e"
"https://houseofvacation.com/hello-world/","https://houseofvacation.com/hello-world/?no-cache=6a88118720cb4"
"https://houseofvacation.com/","https://houseofvacation.com/"
"https://houseofvacation.com/","https://houseofvacation.com/"
"https://houseofvacation.com/","https://houseofvacation.com/"
"https://houseofvacation.com/","https://houseofvacation.com/contact-us/"
"https://houseofvacation.com/","https://houseofvacation.com/about-company/"
"https://houseofvacation.com/","https://houseofvacation.com/mice-company-in-noida/"
"https://houseofvacation.com/","https://houseofvacation.com/corporate-travel-agency-in-bangalore/"
"https://houseofvacation.com/","https://houseofvacation.com/mice-company-in-gurugram/"
"https://houseofvacation.com/","https://houseofvacation.com/mice-company-in-delhi/"
"https://houseofvacation.com/","https://houseofvacation.com/corporate-event-planners-in-pune/"
"https://houseofvacation.com/","https://houseofvacation.com/corporate-travel-agency-in-mumbai/"
"https://houseofvacation.com/","https://houseofvacation.com/blog/"
"https://houseofvacation.com/","https://houseofvacation.com/"
"https://houseofvacation.com/","https://houseofvacation.com/"
"https://houseofvacation.com/","https://houseofvacation.com/about-company/"
"https://houseofvacation.com/","https://houseofvacation.com/blog/"
"https://houseofvacation.com/","https://houseofvacation.com/contact-us/"
"https://houseofvacation.com/","https://houseofvacation.com/corporate-travel-agency-in-bangalore/"
"https://houseofvacation.com/","https://houseofvacation.com/"
"https://houseofvacation.com/","https://houseofvacation.com/mice-company-in-gurugram/"
"https://houseofvacation.com/","https://houseofvacation.com/mice-company-in-delhi/"
"https://houseofvacation.com/","https://houseofvacation.com/corporate-event-planners-in-pune/"
"https://houseofvacation.com/","https://houseofvacation.com/corporate-travel-agency-in-mumbai/"
"https://houseofvacation.com/","https://houseofvacation.com/mice-company-in-noida/"
"https://houseofvacation.com/","https://houseofvacation.com/contact-us/"
"https://houseofvacation.com/","https://houseofvacation.com/"
"https://houseofvacation.com/","https://www.facebook.com/houseofvacations/"
"https://houseofvacation.com/","https://www.instagram.com/houseofvacations_/"
"https://houseofvacation.com/","https://x.com/houseofvacation"
"https://houseofvacation.com/","https://www.linkedin.com/company/house-of-vacations-india-pvt-ltd/"
"https://houseofvacation.com/","https://www.youtube.com/@HouseofVacations"
"https://houseofvacation.com/","https://houseofvacation.com/?no-cache=6a86ea8ed95bc"
"https://houseofvacation.com/","https://houseofvacation.com/?no-cache=6a86ea8ed9685"
"https://houseofvacation.com/contact-us/","https://houseofvacation.com/"
"https://houseofvacation.com/contact-us/","https://houseofvacation.com/"
"https://houseofvacation.com/contact-us/","https://houseofvacation.com/"
"https://houseofvacation.com/contact-us/","https://houseofvacation.com/contact-us/"
"https://houseofvacation.com/contact-us/","https://houseofvacation.com/about-company/"
"https://houseofvacation.com/contact-us/","https://houseofvacation.com/mice-company-in-noida/"
"https://houseofvacation.com/contact-us/","https://houseofvacation.com/corporate-travel-agency-in-bangalore/"
"https://houseofvacation.com/contact-us/","https://houseofvacation.com/mice-company-in-gurugram/"
"https://houseofvacation.com/contact-us/","https://houseofvacation.com/mice-company-in-delhi/"
"https://houseofvacation.com/contact-us/","https://houseofvacation.com/corporate-event-planners-in-pune/"
"https://houseofvacation.com/contact-us/","https://houseofvacation.com/corporate-travel-agency-in-mumbai/"
"https://houseofvacation.com/contact-us/","https://houseofvacation.com/blog/"
"https://houseofvacation.com/contact-us/","https://houseofvacation.com/"
"https://houseofvacation.com/contact-us/","https://houseofvacation.com/"
"https://houseofvacation.com/contact-us/","https://houseofvacation.com/about-company/"
"https://houseofvacation.com/contact-us/","https://houseofvacation.com/blog/"
"https://houseofvacation.com/contact-us/","https://houseofvacation.com/contact-us/"
"https://houseofvacation.com/contact-us/","https://houseofvacation.com/corporate-travel-agency-in-bangalore/"
"https://houseofvacation.com/contact-us/","https://houseofvacation.com/"
"https://houseofvacation.com/contact-us/","https://houseofvacation.com/mice-company-in-gurugram/"
"https://houseofvacation.com/contact-us/","https://houseofvacation.com/mice-company-in-delhi/"
"https://houseofvacation.com/contact-us/","https://houseofvacation.com/corporate-event-planners-in-pune/"
"https://houseofvacation.com/contact-us/","https://houseofvacation.com/corporate-travel-agency-in-mumbai/"
"https://houseofvacation.com/contact-us/","https://houseofvacation.com/mice-company-in-noida/"
"https://houseofvacation.com/contact-us/","https://www.facebook.com/houseofvacations/"
"https://houseofvacation.com/contact-us/","https://www.instagram.com/houseofvacations_/"
"https://houseofvacation.com/contact-us/","https://www.instagram.com/houseofvacations_/"
"https://houseofvacation.com/contact-us/","https://www.linkedin.com/company/house-of-vacations-india-pvt-ltd/"
"https://houseofvacation.com/contact-us/","https://www.youtube.com/@HouseofVacations"
"https://houseofvacation.com/contact-us/","https://houseofvacation.com/"
"https://houseofvacation.com/contact-us/","https://www.facebook.com/houseofvacations/"
"https://houseofvacation.com/contact-us/","https://www.instagram.com/houseofvacations_/"
"https://houseofvacation.com/contact-us/","https://x.com/houseofvacation"
"https://houseofvacation.com/contact-us/","https://www.linkedin.com/company/house-of-vacations-india-pvt-ltd/"
"https://houseofvacation.com/contact-us/","https://www.youtube.com/@HouseofVacations"
"https://houseofvacation.com/contact-us/","https://houseofvacation.com/contact-us/?no-cache=6a872d959d77f"
"https://houseofvacation.com/contact-us/","https://houseofvacation.com/contact-us/?no-cache=6a872d959d835"
"https://houseofvacation.com/corporate-travel-agency-in-bangalore/","https://houseofvacation.com/"
"https://houseofvacation.com/corporate-travel-agency-in-bangalore/","https://houseofvacation.com/"
"https://houseofvacation.com/corporate-travel-agency-in-bangalore/","https://houseofvacation.com/"
"https://houseofvacation.com/corporate-travel-agency-in-bangalore/","https://houseofvacation.com/contact-us/"
"https://houseofvacation.com/corporate-travel-agency-in-bangalore/","https://houseofvacation.com/about-company/"
"https://houseofvacation.com/corporate-travel-agency-in-bangalore/","https://houseofvacation.com/mice-company-in-noida/"
"https://houseofvacation.com/corporate-travel-agency-in-bangalore/","https://houseofvacation.com/corporate-travel-agency-in-bangalore/"
"https://houseofvacation.com/corporate-travel-agency-in-bangalore/","https://houseofvacation.com/mice-company-in-gurugram/"
"https://houseofvacation.com/corporate-travel-agency-in-bangalore/","https://houseofvacation.com/mice-company-in-delhi/"
"https://houseofvacation.com/corporate-travel-agency-in-bangalore/","https://houseofvacation.com/corporate-event-planners-in-pune/"
"https://houseofvacation.com/corporate-travel-agency-in-bangalore/","https://houseofvacation.com/corporate-travel-agency-in-mumbai/"
"https://houseofvacation.com/corporate-travel-agency-in-bangalore/","https://houseofvacation.com/blog/"
"https://houseofvacation.com/corporate-travel-agency-in-bangalore/","https://houseofvacation.com/"
"https://houseofvacation.com/corporate-travel-agency-in-bangalore/","https://houseofvacation.com/"
"https://houseofvacation.com/corporate-travel-agency-in-bangalore/","https://houseofvacation.com/about-company/"
"https://houseofvacation.com/corporate-travel-agency-in-bangalore/","https://houseofvacation.com/blog/"
"https://houseofvacation.com/corporate-travel-agency-in-bangalore/","https://houseofvacation.com/contact-us/"
"https://houseofvacation.com/corporate-travel-agency-in-bangalore/","https://houseofvacation.com/corporate-travel-agency-in-bangalore/"
"https://houseofvacation.com/corporate-travel-agency-in-bangalore/","https://houseofvacation.com/"
"https://houseofvacation.com/corporate-travel-agency-in-bangalore/","https://houseofvacation.com/mice-company-in-gurugram/"
"https://houseofvacation.com/corporate-travel-agency-in-bangalore/","https://houseofvacation.com/mice-company-in-delhi/"
"https://houseofvacation.com/corporate-travel-agency-in-bangalore/","https://houseofvacation.com/corporate-event-planners-in-pune/"
"https://houseofvacation.com/corporate-travel-agency-in-bangalore/","https://houseofvacation.com/corporate-travel-agency-in-mumbai/"
"https://houseofvacation.com/corporate-travel-agency-in-bangalore/","https://houseofvacation.com/mice-company-in-noida/"
"https://houseofvacation.com/corporate-travel-agency-in-bangalore/","https://houseofvacation.com/contact-us/"
"https://houseofvacation.com/corporate-travel-agency-in-bangalore/","https://houseofvacation.com/"
"https://houseofvacation.com/corporate-travel-agency-in-bangalore/","https://www.facebook.com/houseofvacations/"
"https://houseofvacation.com/corporate-travel-agency-in-bangalore/","https://www.instagram.com/houseofvacations_/"
"https://houseofvacation.com/corporate-travel-agency-in-bangalore/","https://x.com/houseofvacation"
"https://houseofvacation.com/corporate-travel-agency-in-bangalore/","https://www.linkedin.com/company/house-of-vacations-india-pvt-ltd/"
"https://houseofvacation.com/corporate-travel-agency-in-bangalore/","https://www.youtube.com/@HouseofVacations"
"https://houseofvacation.com/corporate-travel-agency-in-bangalore/","https://houseofvacation.com/corporate-travel-agency-in-bangalore/?no-cache=6a86eb5ada12b"
"https://houseofvacation.com/corporate-travel-agency-in-bangalore/","https://houseofvacation.com/corporate-travel-agency-in-bangalore/?no-cache=6a86eb5ada1f1"
"https://houseofvacation.com/mice-company-in-gurugram/","https://houseofvacation.com/"
"https://houseofvacation.com/mice-company-in-gurugram/","https://houseofvacation.com/"
"https://houseofvacation.com/mice-company-in-gurugram/","https://houseofvacation.com/"
"https://houseofvacation.com/mice-company-in-gurugram/","https://houseofvacation.com/contact-us/"
"https://houseofvacation.com/mice-company-in-gurugram/","https://houseofvacation.com/about-company/"
"https://houseofvacation.com/mice-company-in-gurugram/","https://houseofvacation.com/mice-company-in-noida/"
"https://houseofvacation.com/mice-company-in-gurugram/","https://houseofvacation.com/corporate-travel-agency-in-bangalore/"
"https://houseofvacation.com/mice-company-in-gurugram/","https://houseofvacation.com/mice-company-in-gurugram/"
"https://houseofvacation.com/mice-company-in-gurugram/","https://houseofvacation.com/mice-company-in-delhi/"
"https://houseofvacation.com/mice-company-in-gurugram/","https://houseofvacation.com/corporate-event-planners-in-pune/"
"https://houseofvacation.com/mice-company-in-gurugram/","https://houseofvacation.com/corporate-travel-agency-in-mumbai/"
"https://houseofvacation.com/mice-company-in-gurugram/","https://houseofvacation.com/blog/"
"https://houseofvacation.com/mice-company-in-gurugram/","https://houseofvacation.com/"
"https://houseofvacation.com/mice-company-in-gurugram/","https://houseofvacation.com/"
"https://houseofvacation.com/mice-company-in-gurugram/","https://houseofvacation.com/about-company/"
"https://houseofvacation.com/mice-company-in-gurugram/","https://houseofvacation.com/blog/"
"https://houseofvacation.com/mice-company-in-gurugram/","https://houseofvacation.com/contact-us/"
"https://houseofvacation.com/mice-company-in-gurugram/","https://houseofvacation.com/corporate-travel-agency-in-bangalore/"
"https://houseofvacation.com/mice-company-in-gurugram/","https://houseofvacation.com/"
"https://houseofvacation.com/mice-company-in-gurugram/","https://houseofvacation.com/mice-company-in-gurugram/"
"https://houseofvacation.com/mice-company-in-gurugram/","https://houseofvacation.com/mice-company-in-delhi/"
"https://houseofvacation.com/mice-company-in-gurugram/","https://houseofvacation.com/corporate-event-planners-in-pune/"
"https://houseofvacation.com/mice-company-in-gurugram/","https://houseofvacation.com/corporate-travel-agency-in-mumbai/"
"https://houseofvacation.com/mice-company-in-gurugram/","https://houseofvacation.com/mice-company-in-noida/"
"https://houseofvacation.com/mice-company-in-gurugram/","https://houseofvacation.com/contact-us/"
"https://houseofvacation.com/mice-company-in-gurugram/","https://houseofvacation.com/"
"https://houseofvacation.com/mice-company-in-gurugram/","https://www.facebook.com/houseofvacations/"
"https://houseofvacation.com/mice-company-in-gurugram/","https://www.instagram.com/houseofvacations_/"
"https://houseofvacation.com/mice-company-in-gurugram/","https://x.com/houseofvacation"
"https://houseofvacation.com/mice-company-in-gurugram/","https://www.linkedin.com/company/house-of-vacations-india-pvt-ltd/"
"https://houseofvacation.com/mice-company-in-gurugram/","https://www.youtube.com/@HouseofVacations"
"https://houseofvacation.com/mice-company-in-gurugram/","https://houseofvacation.com/mice-company-in-gurugram/?no-cache=6a879981e50d0"
"https://houseofvacation.com/mice-company-in-gurugram/","https://houseofvacation.com/mice-company-in-gurugram/?no-cache=6a879981e5189"
"https://houseofvacation.com/mice-company-in-noida/","https://houseofvacation.com/"
"https://houseofvacation.com/mice-company-in-noida/","https://houseofvacation.com/"
"https://houseofvacation.com/mice-company-in-noida/","https://houseofvacation.com/"
"https://houseofvacation.com/mice-company-in-noida/","https://houseofvacation.com/contact-us/"
"https://houseofvacation.com/mice-company-in-noida/","https://houseofvacation.com/about-company/"
"https://houseofvacation.com/mice-company-in-noida/","https://houseofvacation.com/mice-company-in-noida/"
"https://houseofvacation.com/mice-company-in-noida/","https://houseofvacation.com/corporate-travel-agency-in-bangalore/"
"https://houseofvacation.com/mice-company-in-noida/","https://houseofvacation.com/mice-company-in-gurugram/"
"https://houseofvacation.com/mice-company-in-noida/","https://houseofvacation.com/mice-company-in-delhi/"
"https://houseofvacation.com/mice-company-in-noida/","https://houseofvacation.com/corporate-event-planners-in-pune/"
"https://houseofvacation.com/mice-company-in-noida/","https://houseofvacation.com/corporate-travel-agency-in-mumbai/"
"https://houseofvacation.com/mice-company-in-noida/","https://houseofvacation.com/blog/"
"https://houseofvacation.com/mice-company-in-noida/","https://houseofvacation.com/"
"https://houseofvacation.com/mice-company-in-noida/","https://houseofvacation.com/"
"https://houseofvacation.com/mice-company-in-noida/","https://houseofvacation.com/about-company/"
"https://houseofvacation.com/mice-company-in-noida/","https://houseofvacation.com/blog/"
"https://houseofvacation.com/mice-company-in-noida/","https://houseofvacation.com/contact-us/"
"https://houseofvacation.com/mice-company-in-noida/","https://houseofvacation.com/corporate-travel-agency-in-bangalore/"
"https://houseofvacation.com/mice-company-in-noida/","https://houseofvacation.com/"
"https://houseofvacation.com/mice-company-in-noida/","https://houseofvacation.com/mice-company-in-gurugram/"
"https://houseofvacation.com/mice-company-in-noida/","https://houseofvacation.com/mice-company-in-delhi/"
"https://houseofvacation.com/mice-company-in-noida/","https://houseofvacation.com/corporate-event-planners-in-pune/"
"https://houseofvacation.com/mice-company-in-noida/","https://houseofvacation.com/corporate-travel-agency-in-mumbai/"
"https://houseofvacation.com/mice-company-in-noida/","https://houseofvacation.com/mice-company-in-noida/"
"https://houseofvacation.com/mice-company-in-noida/","https://houseofvacation.com/contact-us/"
"https://houseofvacation.com/mice-company-in-noida/","https://houseofvacation.com/"
"https://houseofvacation.com/mice-company-in-noida/","https://www.facebook.com/houseofvacations/"
"https://houseofvacation.com/mice-company-in-noida/","https://www.instagram.com/houseofvacations_/"
"https://houseofvacation.com/mice-company-in-noida/","https://x.com/houseofvacation"
"https://houseofvacation.com/mice-company-in-noida/","https://www.linkedin.com/company/house-of-vacations-india-pvt-ltd/"
"https://houseofvacation.com/mice-company-in-noida/","https://www.youtube.com/@HouseofVacations"
"https://houseofvacation.com/mice-company-in-noida/","https://houseofvacation.com/mice-company-in-noida/?no-cache=6a86fa43a8896"
"https://houseofvacation.com/mice-company-in-noida/","https://houseofvacation.com/mice-company-in-noida/?no-cache=6a86fa43a894d"
"https://houseofvacation.com/corporate-event-planners-in-pune/","https://houseofvacation.com/"
"https://houseofvacation.com/corporate-event-planners-in-pune/","https://houseofvacation.com/"
"https://houseofvacation.com/corporate-event-planners-in-pune/","https://houseofvacation.com/"
"https://houseofvacation.com/corporate-event-planners-in-pune/","https://houseofvacation.com/contact-us/"
"https://houseofvacation.com/corporate-event-planners-in-pune/","https://houseofvacation.com/about-company/"
"https://houseofvacation.com/corporate-event-planners-in-pune/","https://houseofvacation.com/mice-company-in-noida/"
"https://houseofvacation.com/corporate-event-planners-in-pune/","https://houseofvacation.com/corporate-travel-agency-in-bangalore/"
"https://houseofvacation.com/corporate-event-planners-in-pune/","https://houseofvacation.com/mice-company-in-gurugram/"
"https://houseofvacation.com/corporate-event-planners-in-pune/","https://houseofvacation.com/mice-company-in-delhi/"
"https://houseofvacation.com/corporate-event-planners-in-pune/","https://houseofvacation.com/corporate-event-planners-in-pune/"
"https://houseofvacation.com/corporate-event-planners-in-pune/","https://houseofvacation.com/corporate-travel-agency-in-mumbai/"
"https://houseofvacation.com/corporate-event-planners-in-pune/","https://houseofvacation.com/blog/"
"https://houseofvacation.com/corporate-event-planners-in-pune/","https://houseofvacation.com/"
"https://houseofvacation.com/corporate-event-planners-in-pune/","https://houseofvacation.com/"
"https://houseofvacation.com/corporate-event-planners-in-pune/","https://houseofvacation.com/about-company/"
"https://houseofvacation.com/corporate-event-planners-in-pune/","https://houseofvacation.com/blog/"
"https://houseofvacation.com/corporate-event-planners-in-pune/","https://houseofvacation.com/contact-us/"
"https://houseofvacation.com/corporate-event-planners-in-pune/","https://houseofvacation.com/corporate-travel-agency-in-bangalore/"
"https://houseofvacation.com/corporate-event-planners-in-pune/","https://houseofvacation.com/"
"https://houseofvacation.com/corporate-event-planners-in-pune/","https://houseofvacation.com/mice-company-in-gurugram/"
"https://houseofvacation.com/corporate-event-planners-in-pune/","https://houseofvacation.com/mice-company-in-delhi/"
"https://houseofvacation.com/corporate-event-planners-in-pune/","https://houseofvacation.com/corporate-event-planners-in-pune/"
"https://houseofvacation.com/corporate-event-planners-in-pune/","https://houseofvacation.com/corporate-travel-agency-in-mumbai/"
"https://houseofvacation.com/corporate-event-planners-in-pune/","https://houseofvacation.com/mice-company-in-noida/"
"https://houseofvacation.com/corporate-event-planners-in-pune/","https://houseofvacation.com/contact-us/"
"https://houseofvacation.com/corporate-event-planners-in-pune/","https://houseofvacation.com/"
"https://houseofvacation.com/corporate-event-planners-in-pune/","https://www.facebook.com/houseofvacations/"
"https://houseofvacation.com/corporate-event-planners-in-pune/","https://www.instagram.com/houseofvacations_/"
"https://houseofvacation.com/corporate-event-planners-in-pune/","https://x.com/houseofvacation"
"https://houseofvacation.com/corporate-event-planners-in-pune/","https://www.linkedin.com/company/house-of-vacations-india-pvt-ltd/"
"https://houseofvacation.com/corporate-event-planners-in-pune/","https://www.youtube.com/@HouseofVacations"
"https://houseofvacation.com/corporate-event-planners-in-pune/","https://houseofvacation.com/corporate-event-planners-in-pune/?no-cache=6a86fa38d1cff"
"https://houseofvacation.com/corporate-event-planners-in-pune/","https://houseofvacation.com/corporate-event-planners-in-pune/?no-cache=6a86fa38d1d96"
"https://houseofvacation.com/corporate-travel-agency-in-mumbai/","https://houseofvacation.com/"
"https://houseofvacation.com/corporate-travel-agency-in-mumbai/","https://houseofvacation.com/"
"https://houseofvacation.com/corporate-travel-agency-in-mumbai/","https://houseofvacation.com/"
"https://houseofvacation.com/corporate-travel-agency-in-mumbai/","https://houseofvacation.com/contact-us/"
"https://houseofvacation.com/corporate-travel-agency-in-mumbai/","https://houseofvacation.com/about-company/"
"https://houseofvacation.com/corporate-travel-agency-in-mumbai/","https://houseofvacation.com/mice-company-in-noida/"
"https://houseofvacation.com/corporate-travel-agency-in-mumbai/","https://houseofvacation.com/corporate-travel-agency-in-bangalore/"
"https://houseofvacation.com/corporate-travel-agency-in-mumbai/","https://houseofvacation.com/mice-company-in-gurugram/"
"https://houseofvacation.com/corporate-travel-agency-in-mumbai/","https://houseofvacation.com/mice-company-in-delhi/"
"https://houseofvacation.com/corporate-travel-agency-in-mumbai/","https://houseofvacation.com/corporate-event-planners-in-pune/"
"https://houseofvacation.com/corporate-travel-agency-in-mumbai/","https://houseofvacation.com/corporate-travel-agency-in-mumbai/"
"https://houseofvacation.com/corporate-travel-agency-in-mumbai/","https://houseofvacation.com/blog/"
"https://houseofvacation.com/corporate-travel-agency-in-mumbai/","https://houseofvacation.com/"
"https://houseofvacation.com/corporate-travel-agency-in-mumbai/","https://houseofvacation.com/"
"https://houseofvacation.com/corporate-travel-agency-in-mumbai/","https://houseofvacation.com/about-company/"
"https://houseofvacation.com/corporate-travel-agency-in-mumbai/","https://houseofvacation.com/blog/"
"https://houseofvacation.com/corporate-travel-agency-in-mumbai/","https://houseofvacation.com/contact-us/"
"https://houseofvacation.com/corporate-travel-agency-in-mumbai/","https://houseofvacation.com/corporate-travel-agency-in-bangalore/"
"https://houseofvacation.com/corporate-travel-agency-in-mumbai/","https://houseofvacation.com/"
"https://houseofvacation.com/corporate-travel-agency-in-mumbai/","https://houseofvacation.com/mice-company-in-gurugram/"
"https://houseofvacation.com/corporate-travel-agency-in-mumbai/","https://houseofvacation.com/mice-company-in-delhi/"
"https://houseofvacation.com/corporate-travel-agency-in-mumbai/","https://houseofvacation.com/corporate-event-planners-in-pune/"
"https://houseofvacation.com/corporate-travel-agency-in-mumbai/","https://houseofvacation.com/corporate-travel-agency-in-mumbai/"
"https://houseofvacation.com/corporate-travel-agency-in-mumbai/","https://houseofvacation.com/mice-company-in-noida/"
"https://houseofvacation.com/corporate-travel-agency-in-mumbai/","https://houseofvacation.com/contact-us/"
"https://houseofvacation.com/corporate-travel-agency-in-mumbai/","https://houseofvacation.com/"
"https://houseofvacation.com/corporate-travel-agency-in-mumbai/","https://www.facebook.com/houseofvacations/"
"https://houseofvacation.com/corporate-travel-agency-in-mumbai/","https://www.instagram.com/houseofvacations_/"
"https://houseofvacation.com/corporate-travel-agency-in-mumbai/","https://x.com/houseofvacation"
"https://houseofvacation.com/corporate-travel-agency-in-mumbai/","https://www.linkedin.com/company/house-of-vacations-india-pvt-ltd/"
"https://houseofvacation.com/corporate-travel-agency-in-mumbai/","https://www.youtube.com/@HouseofVacations"
"https://houseofvacation.com/corporate-travel-agency-in-mumbai/","https://houseofvacation.com/corporate-travel-agency-in-mumbai/?no-cache=6a875d3da6af3"
"https://houseofvacation.com/corporate-travel-agency-in-mumbai/","https://houseofvacation.com/corporate-travel-agency-in-mumbai/?no-cache=6a875d3da6bae"
"https://houseofvacation.com/mice-company-in-delhi/","https://houseofvacation.com/"
"https://houseofvacation.com/mice-company-in-delhi/","https://houseofvacation.com/"
"https://houseofvacation.com/mice-company-in-delhi/","https://houseofvacation.com/"
"https://houseofvacation.com/mice-company-in-delhi/","https://houseofvacation.com/contact-us/"
"https://houseofvacation.com/mice-company-in-delhi/","https://houseofvacation.com/about-company/"
"https://houseofvacation.com/mice-company-in-delhi/","https://houseofvacation.com/mice-company-in-noida/"
"https://houseofvacation.com/mice-company-in-delhi/","https://houseofvacation.com/corporate-travel-agency-in-bangalore/"
"https://houseofvacation.com/mice-company-in-delhi/","https://houseofvacation.com/mice-company-in-gurugram/"
"https://houseofvacation.com/mice-company-in-delhi/","https://houseofvacation.com/mice-company-in-delhi/"
"https://houseofvacation.com/mice-company-in-delhi/","https://houseofvacation.com/corporate-event-planners-in-pune/"
"https://houseofvacation.com/mice-company-in-delhi/","https://houseofvacation.com/corporate-travel-agency-in-mumbai/"
"https://houseofvacation.com/mice-company-in-delhi/","https://houseofvacation.com/blog/"
"https://houseofvacation.com/mice-company-in-delhi/","https://houseofvacation.com/"
"https://houseofvacation.com/mice-company-in-delhi/","https://houseofvacation.com/"
"https://houseofvacation.com/mice-company-in-delhi/","https://houseofvacation.com/about-company/"
"https://houseofvacation.com/mice-company-in-delhi/","https://houseofvacation.com/blog/"
"https://houseofvacation.com/mice-company-in-delhi/","https://houseofvacation.com/contact-us/"
"https://houseofvacation.com/mice-company-in-delhi/","https://houseofvacation.com/corporate-travel-agency-in-bangalore/"
"https://houseofvacation.com/mice-company-in-delhi/","https://houseofvacation.com/"
"https://houseofvacation.com/mice-company-in-delhi/","https://houseofvacation.com/mice-company-in-gurugram/"
"https://houseofvacation.com/mice-company-in-delhi/","https://houseofvacation.com/mice-company-in-delhi/"
"https://houseofvacation.com/mice-company-in-delhi/","https://houseofvacation.com/corporate-event-planners-in-pune/"
"https://houseofvacation.com/mice-company-in-delhi/","https://houseofvacation.com/corporate-travel-agency-in-mumbai/"
"https://houseofvacation.com/mice-company-in-delhi/","https://houseofvacation.com/mice-company-in-noida/"
"https://houseofvacation.com/mice-company-in-delhi/","https://houseofvacation.com/contact-us/"
"https://houseofvacation.com/mice-company-in-delhi/","https://houseofvacation.com/"
"https://houseofvacation.com/mice-company-in-delhi/","https://www.facebook.com/houseofvacations/"
"https://houseofvacation.com/mice-company-in-delhi/","https://www.instagram.com/houseofvacations_/"
"https://houseofvacation.com/mice-company-in-delhi/","https://x.com/houseofvacation"
"https://houseofvacation.com/mice-company-in-delhi/","https://www.linkedin.com/company/house-of-vacations-india-pvt-ltd/"
"https://houseofvacation.com/mice-company-in-delhi/","https://www.youtube.com/@HouseofVacations"
"https://houseofvacation.com/mice-company-in-delhi/","https://houseofvacation.com/mice-company-in-delhi/?no-cache=6a86fa4e046cf"
"https://houseofvacation.com/mice-company-in-delhi/","https://houseofvacation.com/mice-company-in-delhi/?no-cache=6a86fa4e047a3"
"https://houseofvacation.com/about-company/","https://houseofvacation.com/"
"https://houseofvacation.com/about-company/","https://houseofvacation.com/"
"https://houseofvacation.com/about-company/","https://houseofvacation.com/"
"https://houseofvacation.com/about-company/","https://houseofvacation.com/contact-us/"
"https://houseofvacation.com/about-company/","https://houseofvacation.com/about-company/"
"https://houseofvacation.com/about-company/","https://houseofvacation.com/mice-company-in-noida/"
"https://houseofvacation.com/about-company/","https://houseofvacation.com/corporate-travel-agency-in-bangalore/"
"https://houseofvacation.com/about-company/","https://houseofvacation.com/mice-company-in-gurugram/"
"https://houseofvacation.com/about-company/","https://houseofvacation.com/mice-company-in-delhi/"
"https://houseofvacation.com/about-company/","https://houseofvacation.com/corporate-event-planners-in-pune/"
"https://houseofvacation.com/about-company/","https://houseofvacation.com/corporate-travel-agency-in-mumbai/"
"https://houseofvacation.com/about-company/","https://houseofvacation.com/blog/"
"https://houseofvacation.com/about-company/","https://houseofvacation.com/"
"https://houseofvacation.com/about-company/","https://houseofvacation.com/"
"https://houseofvacation.com/about-company/","https://houseofvacation.com/about-company/"
"https://houseofvacation.com/about-company/","https://houseofvacation.com/blog/"
"https://houseofvacation.com/about-company/","https://houseofvacation.com/contact-us/"
"https://houseofvacation.com/about-company/","https://houseofvacation.com/corporate-travel-agency-in-bangalore/"
"https://houseofvacation.com/about-company/","https://houseofvacation.com/"
"https://houseofvacation.com/about-company/","https://houseofvacation.com/mice-company-in-gurugram/"
"https://houseofvacation.com/about-company/","https://houseofvacation.com/mice-company-in-delhi/"
"https://houseofvacation.com/about-company/","https://houseofvacation.com/corporate-event-planners-in-pune/"
"https://houseofvacation.com/about-company/","https://houseofvacation.com/corporate-travel-agency-in-mumbai/"
"https://houseofvacation.com/about-company/","https://houseofvacation.com/mice-company-in-noida/"
"https://houseofvacation.com/about-company/","https://houseofvacation.com/contact-us/"
"https://houseofvacation.com/about-company/","https://houseofvacation.com/"
"https://houseofvacation.com/about-company/","https://www.facebook.com/houseofvacations/"
"https://houseofvacation.com/about-company/","https://www.instagram.com/houseofvacations_/"
"https://houseofvacation.com/about-company/","https://x.com/houseofvacation"
"https://houseofvacation.com/about-company/","https://www.linkedin.com/company/house-of-vacations-india-pvt-ltd/"
"https://houseofvacation.com/about-company/","https://www.youtube.com/@HouseofVacations"
"https://houseofvacation.com/about-company/","https://houseofvacation.com/about-company/?no-cache=6a86f2c6d281c"
"https://houseofvacation.com/about-company/","https://houseofvacation.com/about-company/?no-cache=6a86f2c6d28de"
"https://houseofvacation.com/category/uncategorized/","https://houseofvacation.com/"
"https://houseofvacation.com/category/uncategorized/","https://houseofvacation.com/"
"https://houseofvacation.com/category/uncategorized/","https://houseofvacation.com/"
"https://houseofvacation.com/category/uncategorized/","https://houseofvacation.com/contact-us/"
"https://houseofvacation.com/category/uncategorized/","https://houseofvacation.com/about-company/"
"https://houseofvacation.com/category/uncategorized/","https://houseofvacation.com/mice-company-in-noida/"
"https://houseofvacation.com/category/uncategorized/","https://houseofvacation.com/corporate-travel-agency-in-bangalore/"
"https://houseofvacation.com/category/uncategorized/","https://houseofvacation.com/mice-company-in-gurugram/"
"https://houseofvacation.com/category/uncategorized/","https://houseofvacation.com/mice-company-in-delhi/"
"https://houseofvacation.com/category/uncategorized/","https://houseofvacation.com/corporate-event-planners-in-pune/"
"https://houseofvacation.com/category/uncategorized/","https://houseofvacation.com/corporate-travel-agency-in-mumbai/"
"https://houseofvacation.com/category/uncategorized/","https://houseofvacation.com/blog/"
"https://houseofvacation.com/category/uncategorized/","https://houseofvacation.com/"
"https://houseofvacation.com/category/uncategorized/","https://houseofvacation.com/"
"https://houseofvacation.com/category/uncategorized/","https://houseofvacation.com/about-company/"
"https://houseofvacation.com/category/uncategorized/","https://houseofvacation.com/blog/"
"https://houseofvacation.com/category/uncategorized/","https://houseofvacation.com/contact-us/"
"https://houseofvacation.com/category/uncategorized/","https://houseofvacation.com/corporate-travel-agency-in-bangalore/"
"https://houseofvacation.com/category/uncategorized/","https://houseofvacation.com/"
"https://houseofvacation.com/category/uncategorized/","https://houseofvacation.com/mice-company-in-gurugram/"
"https://houseofvacation.com/category/uncategorized/","https://houseofvacation.com/mice-company-in-delhi/"
"https://houseofvacation.com/category/uncategorized/","https://houseofvacation.com/corporate-event-planners-in-pune/"
"https://houseofvacation.com/category/uncategorized/","https://houseofvacation.com/corporate-travel-agency-in-mumbai/"
"https://houseofvacation.com/category/uncategorized/","https://houseofvacation.com/mice-company-in-noida/"
"https://houseofvacation.com/category/uncategorized/","https://houseofvacation.com/new-blog/"
"https://houseofvacation.com/category/uncategorized/","https://houseofvacation.com/new-blog/"
"https://houseofvacation.com/category/uncategorized/","https://houseofvacation.com/category/uncategorized/"
"https://houseofvacation.com/category/uncategorized/","https://houseofvacation.com/author/essenceofnature43gmail-com/"
"https://houseofvacation.com/category/uncategorized/","https://houseofvacation.com/new-blog/"
"https://houseofvacation.com/category/uncategorized/","https://houseofvacation.com/hello-world/"
"https://houseofvacation.com/category/uncategorized/","https://houseofvacation.com/hello-world/"
"https://houseofvacation.com/category/uncategorized/","https://houseofvacation.com/category/uncategorized/"
"https://houseofvacation.com/category/uncategorized/","https://houseofvacation.com/author/essenceofnature43gmail-com/"
"https://houseofvacation.com/category/uncategorized/","https://houseofvacation.com/hello-world/"
"https://houseofvacation.com/category/uncategorized/","https://houseofvacation.com/"
"https://houseofvacation.com/category/uncategorized/","https://www.facebook.com/houseofvacations/"
"https://houseofvacation.com/category/uncategorized/","https://www.instagram.com/houseofvacations_/"
"https://houseofvacation.com/category/uncategorized/","https://x.com/houseofvacation"
"https://houseofvacation.com/category/uncategorized/","https://www.linkedin.com/company/house-of-vacations-india-pvt-ltd/"
"https://houseofvacation.com/category/uncategorized/","https://www.youtube.com/@HouseofVacations"
"https://houseofvacation.com/category/uncategorized/","https://houseofvacation.com/category/uncategorized/?no-cache=6a88118abcb40"
"https://houseofvacation.com/category/uncategorized/","https://houseofvacation.com/category/uncategorized/?no-cache=6a88118abcbe8"
"https://houseofvacation.com/author/essenceofnature43gmail-com/","https://houseofvacation.com/"
"https://houseofvacation.com/author/essenceofnature43gmail-com/","https://houseofvacation.com/"
"https://houseofvacation.com/author/essenceofnature43gmail-com/","https://houseofvacation.com/"
"https://houseofvacation.com/author/essenceofnature43gmail-com/","https://houseofvacation.com/contact-us/"
"https://houseofvacation.com/author/essenceofnature43gmail-com/","https://houseofvacation.com/about-company/"
"https://houseofvacation.com/author/essenceofnature43gmail-com/","https://houseofvacation.com/mice-company-in-noida/"
"https://houseofvacation.com/author/essenceofnature43gmail-com/","https://houseofvacation.com/corporate-travel-agency-in-bangalore/"
"https://houseofvacation.com/author/essenceofnature43gmail-com/","https://houseofvacation.com/mice-company-in-gurugram/"
"https://houseofvacation.com/author/essenceofnature43gmail-com/","https://houseofvacation.com/mice-company-in-delhi/"
"https://houseofvacation.com/author/essenceofnature43gmail-com/","https://houseofvacation.com/corporate-event-planners-in-pune/"
"https://houseofvacation.com/author/essenceofnature43gmail-com/","https://houseofvacation.com/corporate-travel-agency-in-mumbai/"
"https://houseofvacation.com/author/essenceofnature43gmail-com/","https://houseofvacation.com/blog/"
"https://houseofvacation.com/author/essenceofnature43gmail-com/","https://houseofvacation.com/"
"https://houseofvacation.com/author/essenceofnature43gmail-com/","https://houseofvacation.com/"
"https://houseofvacation.com/author/essenceofnature43gmail-com/","https://houseofvacation.com/about-company/"
"https://houseofvacation.com/author/essenceofnature43gmail-com/","https://houseofvacation.com/blog/"
"https://houseofvacation.com/author/essenceofnature43gmail-com/","https://houseofvacation.com/contact-us/"
"https://houseofvacation.com/author/essenceofnature43gmail-com/","https://houseofvacation.com/corporate-travel-agency-in-bangalore/"
"https://houseofvacation.com/author/essenceofnature43gmail-com/","https://houseofvacation.com/"
"https://houseofvacation.com/author/essenceofnature43gmail-com/","https://houseofvacation.com/mice-company-in-gurugram/"
"https://houseofvacation.com/author/essenceofnature43gmail-com/","https://houseofvacation.com/mice-company-in-delhi/"
"https://houseofvacation.com/author/essenceofnature43gmail-com/","https://houseofvacation.com/corporate-event-planners-in-pune/"
"https://houseofvacation.com/author/essenceofnature43gmail-com/","https://houseofvacation.com/corporate-travel-agency-in-mumbai/"
"https://houseofvacation.com/author/essenceofnature43gmail-com/","https://houseofvacation.com/mice-company-in-noida/"
"https://houseofvacation.com/author/essenceofnature43gmail-com/","https://houseofvacation.com/new-blog/"
"https://houseofvacation.com/author/essenceofnature43gmail-com/","https://houseofvacation.com/new-blog/"
"https://houseofvacation.com/author/essenceofnature43gmail-com/","https://houseofvacation.com/category/uncategorized/"
"https://houseofvacation.com/author/essenceofnature43gmail-com/","https://houseofvacation.com/author/essenceofnature43gmail-com/"
"https://houseofvacation.com/author/essenceofnature43gmail-com/","https://houseofvacation.com/new-blog/"
"https://houseofvacation.com/author/essenceofnature43gmail-com/","https://houseofvacation.com/hello-world/"
"https://houseofvacation.com/author/essenceofnature43gmail-com/","https://houseofvacation.com/hello-world/"
"https://houseofvacation.com/author/essenceofnature43gmail-com/","https://houseofvacation.com/category/uncategorized/"
"https://houseofvacation.com/author/essenceofnature43gmail-com/","https://houseofvacation.com/author/essenceofnature43gmail-com/"
"https://houseofvacation.com/author/essenceofnature43gmail-com/","https://houseofvacation.com/hello-world/"
"https://houseofvacation.com/author/essenceofnature43gmail-com/","https://houseofvacation.com/"
"https://houseofvacation.com/author/essenceofnature43gmail-com/","https://www.facebook.com/houseofvacations/"
"https://houseofvacation.com/author/essenceofnature43gmail-com/","https://www.instagram.com/houseofvacations_/"
"https://houseofvacation.com/author/essenceofnature43gmail-com/","https://x.com/houseofvacation"
"https://houseofvacation.com/author/essenceofnature43gmail-com/","https://www.linkedin.com/company/house-of-vacations-india-pvt-ltd/"
"https://houseofvacation.com/author/essenceofnature43gmail-com/","https://www.youtube.com/@HouseofVacations"
"https://houseofvacation.com/author/essenceofnature43gmail-com/","https://houseofvacation.com/author/essenceofnature43gmail-com/?no-cache=6a88118b490fa"
"https://houseofvacation.com/author/essenceofnature43gmail-com/","https://houseofvacation.com/author/essenceofnature43gmail-com/?no-cache=6a88118b491a1"
